"sid","link_name","borough","polyline","link_length_ft","aggregation_period_sec","n_samples","median_calculation_timestamp","median_tt_sec","median_speed_fps"
"001004","42nd Street - Eastbound - Lexington Ave to 3rd Ave","Manhattan","agvwFxmobMfCeI","514.26","900","13","9/21/2026 11:21:24","228","2.26"
"001011","42nd Street - Westbound - Lexington Ave to Madison Ave","Manhattan","_hvwF|lobMmGhS","1024.34","900","4","9/21/2026 11:21:24","418.5","2.45"
"002001","Lexington Avenue - Southbound - 49th St to 42nd St","Manhattan","ecwwFdynbMlZhS","1836.18","900","35","9/21/2026 11:21:24","206","8.91"
"002012","49th Street - Westbound - Lexington Ave to Madison Ave","Manhattan","ecwwFdynbMgC~HgC~H","1013.97","900","2","9/21/2026 11:21:24","270","3.76"
"003002","Lexington Avenue - Southbound - 57th St to 49th St","Manhattan","ybxwF`bnbM??vRxMzJfG","2109.11","900","6","9/21/2026 11:21:24","580","3.64"
"003006","57th Street - Eastbound - Lexington Ave to 3rd Ave","Manhattan","kbxwFlbnbMfAiD`AuC","508.77","900","4","9/21/2026 11:21:24","176.5","2.88"
"004001","42nd Street - Westbound - 3rd Ave to Lexington Ave","Manhattan","ucvwF`cobMiCzH","504.02","900","12","9/21/2026 11:21:24","50","10.08"
"005002","49th Street - Westbound - 3rd Ave to Lexington Ave","Manhattan","a_wwFfonbMcC|H","501.04","900","15","9/21/2026 11:21:24","107","4.68"
"005006","3rd Avenue - Northbound - 49th St to 57th St","Manhattan","a_wwFfonbMq^aV","2105.67","900","12","9/21/2026 11:21:24","705","2.99"
"006003","57th Street - Westbound - 3rd Ave to Lexington Ave","Manhattan","a_xwFxwmbMeC|H","502.77","900","19","9/21/2026 11:21:24","556","0.9"
"006055","57th Street - Eastbound - 3rd Ave to 2nd Ave","Manhattan","_~wwFhxmbMxD}L","703.44","900","17","9/21/2026 11:21:24","184","3.82"
"011001","42nd Street - Eastbound - Madison Ave to Lexington Ave","Manhattan","qovwFxapbMxCiJtBuG","1014.02","900","28","9/21/2026 11:21:24","426","2.38"
"011012","Madison Avenue - Northbound - 42nd St to 49th St","Manhattan","_pvwFpapbMaG{DyJuGwFqD","1841.72","900","8","9/21/2026 11:21:24","138.5","13.3"
"011014","42nd Street - Westbound - Madison Ave to 5th Ave","Manhattan","mpvwFfapbMgC`I","509.42","900","19","9/21/2026 11:21:24","86","5.92"
"014011","42nd Street - Eastbound - 5th Ave to Madison Ave","Manhattan","wsvwF|kpbMdCcI","510.08","900","17","9/21/2026 11:21:24","122","4.18"
"014017","42nd Street - Westbound - 5th Ave to 6th Ave","Manhattan","utvwFhkpbMoGdS","1021.24","900","36","9/21/2026 11:21:24","93","10.98"
"015014","5th Avenue - Southbound - 49th St to 42th St","Manhattan","}owwFhwobMvFxDzFrD`KzG","1848.97","900","8","9/21/2026 11:21:24","286.5","6.45"
"015018","49th Street - Westbound - 5th Ave to 6th Ave","Manhattan","}owwFhwobMoGdS","1021.19","900","11","9/21/2026 11:21:24","197","5.18"
"016015","5th Avenue - Southbound - 57th St to 49th St","Manhattan","ooxwFh`obMdC`B|BxAxB`BzB~A`CpAvFtD|BxA","2105.11","900","5","9/21/2026 11:21:24","391","5.38"
"016019","57th Street - Westbound - 5th Ave to 6th Ave","Manhattan","_pxwF~_obMoGdS","1021.13","900","8","9/21/2026 11:21:24","63","16.21"
"017014","42nd Street - Eastbound - 6th Ave to 5th Ave","Manhattan","i|vwFb`qbMpGeS","1023.02","900","17","9/21/2026 11:21:24","440","2.33"
"017018","6th Avenue - Northbound - 42nd St to 49th St","Manhattan","y|vwFx_qbMaK}GwFqDyFwD","1844.4","900","22","9/21/2026 11:21:24","446.5","4.13"
"017059","42nd Street - Westbound - 6th Ave to 7th Ave","Manhattan","e}vwFl_qbMmFtP","894.47","900","9","9/21/2026 11:21:24","48","18.63"
"018037","49th Street - Westbound - 6th Ave to 7th Ave","Manhattan","mxwwFpkpbMoF|P","905.87","900","10","9/21/2026 11:21:24","142.5","6.36"
"019016","57th Street - Eastbound - 6th Ave to 5th Ave","Manhattan","qwxwFztobMnGgS","1023.54","900","12","9/21/2026 11:21:24","990","1.03"
"019056","57th Street - Westbound - 6th Ave to 7th Ave","Manhattan","qxxwFdtobMoFvP","898.57","900","28","9/21/2026 11:21:24","60.5","14.85"
"020004","3rd Avenue - Northbound - 34th St to 42nd St","Manhattan","ucuwFfzobMaKuGqFmD_KyG","2106.28","900","5","9/21/2026 11:21:24","849","2.48"
"020008","34th Street - Westbound - 3rd Ave to Madison Ave","Manhattan","eduwFzyobMeCbIgCbIgC`I","1531.44","900","26","9/21/2026 11:21:24","126","12.15"
"020103","34th Street - Eastbound - 3rd Ave to 2nd Ave","Manhattan","gcuwFpzobMxD}L","703.56","900","5","9/21/2026 11:21:24","430","1.64"
"021003","Lexington Avenue - Southbound - 72nd St to 57th St","Manhattan","e~ywFzvlbMbOrJrNjJxFtDxRnM","3956.84","900","5","9/21/2026 11:21:24","494","8.01"
"021193","72nd Street - Eastbound - Lexington Ave to 2nd Ave","Manhattan","}}ywF~vlbMrC_JrAgEn@wAl@uB","1205.26","900","33","9/21/2026 11:21:24","116","10.39"
"023017","6th Avenue - Northbound - 34th St to 42nd St","Manhattan","c}uwFnvqbMu^wU","2105.46","900","26","9/21/2026 11:21:24","408.5","5.15"
"023060","34th Street - Westbound - 6th Ave to 7th Ave","Manhattan","q}uwFdvqbMqF~P","910.15","900","49","9/21/2026 11:21:24","99","9.19"
"024026","Belt Pkwy - Westbound - Cross Bay Blvd to Pennsylvania Ave","Brooklyn","grewFbeuaMfH`UFb@rEpMtHtQlBrDvEpHrO|SdJ`NzAfCnIpOtXjn@hBjDdGhJdE|EjE~DnEdDdIlE","12915.87","900","287","9/21/2026 11:21:24","109","118.49"
"026034","Belt Pkwy - Westbound - Erskine St to Flatbush Ave","Queens","ccawFb~{aMhf@tRpGhDpHbGvHfI|FtI|b@rv@tE`GxD~CvCnBdDvA|FlA|D\hE@`Rs@hLK|HDrH\dDb@pDt@pGdBjCb@rRpBjBv@fCdBzA|A`FpHbBbE|C~JbCpFfDlErEhD","20198.01","900","446","9/21/2026 11:21:24","339","59.58"
"027034","Belt Pkwy - Eastbound - Ocean Pkwy to Flatbush","Brooklyn","mpuvFtrmbMSsIkAwSoBmUU}IBgJTsEdA{LL_HOaMi@{O_@qFcAsOeDu]QoGLiG|@gHrGk[pAsHv@yJPqRg@gO{AoLoCwKkIqReDiFuCoCeG{CkGaAiFDmInAqELaH_B","19771.69","900","28","9/21/2026 11:21:24","236","83.78"
"028029","Belt Pkwy - Eastbound - Pennsylvania Ave to Cross Bay Blvd","Brooklyn","ybawF`}{aMwH_EkHiGyFkGgG}IeHcNaMoYsFmLuRq\wE{GcJyL_I{LkBsDkC{F{J}W_IoWg@yB","13098.76","900","293","9/21/2026 11:21:24","117","111.96"
"034028","Belt Pkwy - Eastbound - Flatbush Ave to Erskine St","Brooklyn","u_xvFlbbbMcEwC{EkGmBmEgEcNwD}GwBgC}FaE_Cu@gQiBeRkEoLq@uVCyRr@eGGiFs@uEsA}FyDsEkE_DgE{Vgd@kLiSyFqIwCkCqHoGgKkGm[cMwI{D","20229.18","900","63","9/21/2026 11:21:24","304","66.54"
"035027","Belt Pkwy - Eastbound - Bay 8th St to Ocean Pkwy","Brooklyn","}kyvFdzwbMrDsQlBaMhCwKjEkLpK}RjEwHpCiIlCgQlBeG~CkGvEwGlF}FhGqFdF_DzMcFxE_DpG}IfBcFbB_IpBcNbCiWp@yLBqJaAuNqCeWy@{R","17580.18","900","219","9/21/2026 11:21:24","227","77.45"
"035202","Belt Pkwy - Westbound - Bay 8th St to 68th St","Brooklyn","smyvFv{wbMmDbQc@xHTfYkAnJmCzGyFpJyExDcHtDwHdFuL`OsI~EkHtAqb@jEaUEq[qCky@w[","16888.42","900","233","9/21/2026 11:21:24","191","88.42"
"037038","49th Street - Westbound - 7th Ave to 8th Ave","Manhattan","_`xwFp}pbMkFnP","885.4","900","41","9/21/2026 11:21:24","160","5.53"
"037059","7th Avenue - Southbound - 49th St to 42nd St","Manhattan","_`xwFn}pbMxN~I`K|G","1850.67","900","9","9/21/2026 11:21:24","879","2.11"
"038039","49th Street - Westbound - 8th Ave to 9th Ave","Manhattan","igxwF~nqbMsF~P","911.8","900","49","9/21/2026 11:21:24","43","21.2"
"038054","8th Avenue - Northbound - 49th St to 57th St","Manhattan","kgxwF`oqbM}B{A}B{A{ByA}B{A{ByA}B}A}ByAeCaB","2108.84","900","17","9/21/2026 11:21:24","127","16.61"
"039049","9th Avenue - Southbound - 49th St to 42nd St","Manhattan","}nxwF|`rbMxNhJ~JvG","1849.95","900","40","9/21/2026 11:21:24","209","8.85"
"039085","49th Street - Westbound - 9th Ave to 10th Ave","Manhattan","{nxwFx`rbMoFvP","898.58","900","38","9/21/2026 11:21:24","67","13.41"
"040041","1st Avenue - Northbound - 49th St to 57th St","Manhattan","yrvwFnrmbMu^cV","2113.41","900","2","9/21/2026 11:21:24","70","30.19"
"040046","49th Street - Westbound - 1st Ave to 2nd Ave","Manhattan","yrvwFlrmbMgEtM","744.88","900","68","9/21/2026 11:21:24","78.5","9.49"
"041203","57th St - westbound - 1 Ave to QBB UL Entrance","Manhattan","qrwwFb{lbMcCtH","492.42","900","6","9/21/2026 11:21:24","15","32.83"
"043051","72nd Street - Westbound - Columbus Ave (9th Ave) to Broadway","Manhattan","ij{wFb~obMoFtPe@|A","1043.2","900","7","9/21/2026 11:21:24","35","29.81"
"043058","9th Avenue - Southbound - 72nd St to 57th St","Manhattan","yi{wFn~obMtZhStJrG~BtAxB|AbKtG","3955.13","900","3","9/21/2026 11:21:24","771","5.13"
"044020","3rd Avenue - Northbound - 23rd St to 34th St","Manhattan","sxswFrypbMaj@k^","2871.1","900","5","9/21/2026 11:21:24","302","9.51"
"044105","23rd Street - Eastbound - 3rd Ave to 2nd Ave","Manhattan","_xswF~ypbMzDqL","690.93","900","36","9/21/2026 11:21:24","116.5","5.93"
"044204","23rd Street- westbound - 3 ave to madison ave","Manhattan","_yswFvypbMsKx\","1509.65","900","17","9/21/2026 11:21:24","168","8.99"
"046005","49th Street - Westbound - 2nd Ave to 3rd Ave","Manhattan","ayvwFbanbMyD~L","705.9","900","11","9/21/2026 11:21:24","206","3.43"
"046042","2nd Avenue - Southbound - 49th St to 42nd St","Manhattan","ayvwFbanbM|L|HxLdI","1848.17","900","6","9/21/2026 11:21:24","284","6.51"
"049109","42nd Street - Westbound - 9th Ave to 10th Ave","Manhattan","ctwwFhtrbMkFzP","899.94","900","3","9/21/2026 11:21:24","90","10"
"049119","9th Avenue - Southbound - 42nd St to 37th St","Manhattan","cswwF~trbMnRbM","1298.3","900","56","9/21/2026 11:21:24","131.5","9.87"
"050106","23rd Street - Eastbound - 8th Ave to 7th Ave","Manhattan","m`uwF`zsbMhFwP","893.5","900","2","9/21/2026 11:21:24","360","2.48"
"051043","72nd Street - Eastbound - Broadway to Columbus Ave (9th Ave)","Manhattan","{q{wF~rpbM^qAnFsP","1021.03","900","12","9/21/2026 11:21:24","78","13.09"
"051052","Broadway - Southbound - 72nd St to 57th St","Manhattan","mr{wFzrpbMhDVxSXpH?hNKrIIvAAd@HPN\Ff@QTe@Bg@^[PIf@D`Eb@","4661.61","900","12","9/21/2026 11:21:24","369.5","12.62"
"052054","57th Street - Westbound - Broadway to 8th Ave","Manhattan","_eywFtqpbMoA|D","300.32","900","23","9/21/2026 11:21:24","12","25.03"
"052056","57th Street - Eastbound - Broadway to 7th Ave","Manhattan","{cywF~qpbMxCkJ","576.01","900","43","9/21/2026 11:21:24","29","19.86"
"054058","57th Street - Westbound - 8th Ave to 9th Ave","Manhattan","mgywFrwpbMqFxP","902.73","900","17","9/21/2026 11:21:24","52","17.36"
"055006","57th Street - Westbound - 2nd Ave to 3rd Ave","Manhattan","cywwFvimbM{DzL","702.79","900","9","9/21/2026 11:21:24","326","2.16"
"055046","2nd Avenue  - Southbound - 57th St to 49th St","Manhattan","uxwwFbjmbMhC`B|BxAxBvAzB|A~BxAzBzAzBzA~B|A","2112.17","900","14","9/21/2026 11:21:24","1001","2.11"
"055203","57th St - eastbound - 2 Ave to QBB UL Entrance","Manhattan","kxwwF`jmbMz@yC","244.62","900","26","9/21/2026 11:21:24","10.5","23.3"
"056019","57th Street - Eastbound - 7th Ave to 6th Ave","Manhattan","a_ywFrfpbMlFwP","896.8","900","21","9/21/2026 11:21:24","183","4.9"
"056037","7th Avenue - Southbound - 57th St to 49th St","Manhattan","q_ywFhfpbMfC`BzBzA~BvAzBzA|BzAzBxA|BzAzB~A","2110.34","900","9","9/21/2026 11:21:24","443","4.76"
"056052","57th Street - Westbound - 7th Ave to Broadway","Manhattan","_`ywF|epbM_DxJ","598.23","900","30","9/21/2026 11:21:24","70","8.55"
"057060","34th Street - Eastbound - 8th Ave to 7th Ave","Manhattan","wkvwFlzrbMlFuP","894.52","900","8","9/21/2026 11:21:24","354.5","2.52"
"057061","34th Street - Westbound - 8th Ave to 9th Ave","Manhattan","qlvwFzyrbMqFvP","900.47","900","31","9/21/2026 11:21:24","77","11.69"
"058039","9th Avenue - Southbound - 57th St to 49th St","Manhattan","onywFviqbMt^bV","2113.33","900","36","9/21/2026 11:21:24","148","14.28"
"059060","7th Avenue - Southbound - 42nd St to 34th St","Manhattan","edwwFjqqbMvNpJlJvGfBdA`@P","2103.3","900","11","9/21/2026 11:21:24","251","8.38"
"060023","34th Street - Eastbound - 7th Ave to 6th Ave","Manhattan","idvwFvhrbMpF_Q","910.15","900","71","9/21/2026 11:21:24","159","5.72"
"060057","34th Street - Westbound - 7th Ave to 8th Ave","Manhattan","cevwFdhrbMmFtP","894.51","900","41","9/21/2026 11:21:24","132","6.78"
"061078","34th Street - Westbound - 9th Ave to 10th Ave","Manhattan","ctvwFpksbMoFxP","901.09","900","23","9/21/2026 11:21:24","70","12.87"
"062074","Hylan Blvd - Northbound - New Dorp Ln to Midland Ave","Staten Island","a|rvFdpicMqBqByEwEkBoBoBeBmByByCuCkBoBsBuBgDmDuCiCkCcC","3425.74","900","122","9/21/2026 11:21:24","148.5","23.07"
"062126","Hylan Blvd - Southbound - New Dorp Ln to Guyon Ave","Staten Island","}|rvFvqicM~W`XvRzRfQjR","4653.84","900","5","9/21/2026 11:21:24","134","34.73"
"063064","Father Capodanno Blvd @ Seaview Ave to Lily Pond Ave Verrazano-Narrows Br Entrance - NB","Staten Island","istvFdhccMoDkEgEwEgAwAgBaBaFwEiEyEcCyDk@u@cDaC}BeBcCkBuB_ByAuAkCqCeGgGeDsDuBqCgCmDwAoCUYsAc@cAYsAKeFQiAm@}@_Ai@eAw@a@}@VaLrIsIlF","9499.41","900","31","9/21/2026 11:21:24","208","45.67"
"065063","Lily Pond Ave @ Verrazano-Narrows Br Exit - Father Capodanno Blvd @ Seaview Ave - SB","Staten Island","klyvFt~`cMtQoDdA_@fHiExMqJj@KZN`A~AfBrA`ATtFJdDhAvBhD~EvG`DxDtDxDlFrFjBfBvEjDvHzF|CpE~ErFfFxEhJdKd@v@nCvC","10671.4","900","22","9/21/2026 11:21:24","351.5","30.36"
"066074","Hylan Blvd - Southbound - Seaview Ave to Midland Ave","Staten Island","yavvF|bfcMpC~Br@l@|ArB`EpFdFdHpFrHzEnGdBdCjB~BdBhClBtBdC~B","4261.21","900","94","9/21/2026 11:21:24","167","25.52"
"066128","Hylan Blvd - Northbound - Seaview Ave to Fingerboard Rd West","Staten Island","aavvFpafcM}XaV}BgBaDuAa]wKmBqCcEgQA}FRyJRkGrCcLJcCMqB}@gCeAaBcCaB","8346.72","900","7","9/21/2026 11:21:24","349","23.92"
"070071","Flatbush Ave - Southbound - Willoughby St to Atlantic Ave","Brooklyn","}tjwFdwpbMtEiB|EqBvD_BnMoIzJqGhCgB","3257.94","900","40","9/21/2026 11:21:24","336.5","9.68"
"070073","Flatbush Ave - Northbound - Willoughby St to Tillary St","Brooklyn","otjwFvtpbM{H|CkFrB{EfB","1502.13","900","81","9/21/2026 11:21:24","53","28.34"
"071070","Flatbush Ave - Northbound - Atlantic Ave to Willoughvy St","Brooklyn","waiwFntobMwDfCk@ZaIlFcLhHaFvBiLpE","3291.08","900","51","9/21/2026 11:21:24","253","13.01"
"071117","Atlantic Avenue - Westbound - Flatbush Ave to Boerum Pl","Brooklyn","eciwFjvobMqPll@kLhb@","4004.42","900","25","9/21/2026 11:21:24","348","11.51"
"071201","Atlantic Avenue - Eastbound - Flatbush Ave to Carlton Ave","Brooklyn","}aiwFvuobMnBaHzBuRdBiL","1965.26","900","47","9/21/2026 11:21:24","88","22.33"
"072117","Atlantic Avenue - Eastbound - BQE Exit to Boerum Pl","Brooklyn","mnjwFhusbMjHy`@tBcJ","2130.79","900","5","9/21/2026 11:21:24","310","6.87"
"073070","Flatbush Ave - Southbound - Tillary St to Willoughby St","Brooklyn","gmkwFncqbMlF{B~EoBfIeD","1544.57","900","4","9/21/2026 11:21:24","1149.5","1.34"
"074062","Hylan Blvd - Southbound - Midland Ave to New Dorp Ln","Staten Island","qktvF`chcMdHvGdDjDjCjCrBnBpBtBrBtBlBlBhBjBhBjBlBrBtBnB","3425.55","900","52","9/21/2026 11:21:24","178","19.24"
"074066","Hylan Blvd - Northbound - Midland Ave to Seaview Ave","Staten Island","yjtvFtahcMmCcCgBsBgBmCmE_GeB}BuBqCqFqHuBuCqBkCmBmCcB{BgC}C{CgC","4305.32","900","28","9/21/2026 11:21:24","276","15.6"
"075079","10th Avenue - Northbound - 14th St to 23rd St","Manhattan","cmtwFjvubMaAo@WE}^kV","2313.62","900","18","9/21/2026 11:21:24","80.5","28.74"
"077058","57th Street - Eastbound - 10th Ave (Amsterdam Ave) to 9th Ave (Columbus Ave)","Manhattan","ouywFx{qbMnFwP","898.53","900","4","9/21/2026 11:21:24","121","7.43"
"077081","57th Street - Westbound - 10th Ave (Amsterdam Ave) to 11th Ave","Manhattan","kvywFd{qbMqFvP","900.3","900","5","9/21/2026 11:21:24","32","28.13"
"078061","34th Street - Eastbound - 10th Ave to 9th Ave","Manhattan","szvwF`~sbMlFyP","899.33","900","2","9/21/2026 11:21:24","210","4.28"
"078108","34th Street - Westbound - 10th Ave to 11th Ave","Manhattan","c|vwF`}sbMgFxP","894.08","900","31","9/21/2026 11:21:24","119","7.51"
"078109","10th Avenue - Northbound - 34th St to 42nd St","Manhattan","a{vwFv}sbMu^}U","2109.4","900","27","9/21/2026 11:21:24","313","6.74"
"079078","10th Avenue - Northbound - 23rd St to 34th St","Manhattan","_puwFb}tbMcj@m^","2875.54","900","40","9/21/2026 11:21:24","373","7.71"
"079082","23rd Street - Eastbound - 10th Ave to 9th Ave","Manhattan","uouwFh}tbMjFqP","887.96","900","17","9/21/2026 11:21:24","168","5.29"
"079104","23rd Street - Westbound - 10th Ave to 11th Ave","Manhattan","{puwFl|tbMoF~P","908.41","900","25","9/21/2026 11:21:24","76","11.95"
"080108","11th Avenue - Southbound - 42nd St to 34th St","Manhattan","gbxwFpxsbMt^|U","2109.39","900","30","9/21/2026 11:21:24","73.5","28.7"
"080109","42nd Street - Eastbound - 11th Ave to 10th Ave","Manhattan","maxwFbysbMhF{P","898.19","900","6","9/21/2026 11:21:24","107","8.39"
"081116","11th Avenue - Southbound - 57th St to 49th St","Manhattan","k}ywFhmrbMn^dV","2105.09","900","13","9/21/2026 11:21:24","97","21.7"
"082050","23rd Street - Eastbound - 9th Ave to 8th Ave","Manhattan","ihuwFtktbMnF}P","906.01","900","2","9/21/2026 11:21:24","188","4.82"
"082079","23rd Street - Westbound - 9th Ave to 10th Ave","Manhattan","eiuwF`ktbMkFtP","892.8","900","33","9/21/2026 11:21:24","72","12.4"
"082110","9th Avenue - Southbound - 23rd St to 14th St","Manhattan","qhuwFrktbMhYfRTPPTzE`D","2307.5","900","47","9/21/2026 11:21:24","433","5.33"
"084066","Hylan Blvd - Southbound - Narrows Rd South (West) to Seaview Ave","Staten Island","qwyvFfjccMhCAfFy@bIgD~Dq@zF`CjCrCnBvBQtDIdJ@l@N~ARbA|@|CfBrG`@tAh@x@z@z@bAh@xAd@t@Tb@H`IbCdK~ClCdAjCzBdMlKnKbJ","9165.86","900","39","9/21/2026 11:21:24","426","21.52"
"085077","10th Avenue - Northbound - 49th St to 57th St","Manhattan","ivxwFprrbMu^aV","2111.99","900","75","9/21/2026 11:21:24","133","15.88"
"085116","49th Street - Westbound - 10th Ave to 11th Ave","Manhattan","kvxwFprrbMoFzP","903.4","900","43","9/21/2026 11:21:24","38","23.77"
"089090","Cross Bay Blvd - Southbound - North Channel Br to Jamaica Wildlife Preserve","Queens","_a`wFnjsaMjA_AbGoElEaCfCgAtCcAfEgApWaF{MjCjQiDxCk@xDu@hDq@nHsA~L_ChJ{BfCw@fFmClDgC","9659.13","900","9","9/21/2026 11:21:24","138","69.99"
"090089","Cross Bay Blvd - Northbound - Jamaica Wildlife Preserve to North Channel Br","Queens","ma|vFptqaMmG|DoF~BwFzAeFdAeIzAyGlAyHvAyDt@{GtAgHnAcGlA_F`AoGtByFrCsEvCmEjD","7893.01","900","69","9/21/2026 11:21:24","142","55.58"
"090091","Cross Bay Blvd - Southbound - Jamaica Wildlife Preserve to W 6 Rd","Queens","w`|vFlvqaMbR}OhCiBjCoBxAu@|Aq@jCw@zDY`CD","3149.57","900","11","9/21/2026 11:21:24","38","82.88"
"091090","Cross Bay Blvd - Northbound - W 6th Rd to Jamaica Wildlife Reserve","Queens","mpzvFdwpaMgCGmCNqC\yBx@wAh@iEhD{FrEeNxK","3220.45","900","2","9/21/2026 11:21:24","323","9.97"
"091092","Cross Bay Blvd - Southbound - W 6th Rd to W 20th Rd","Queens","iqzvF~xpaMdCPpFd@xFf@lCR|Gh@lGl@nCTpGh@xK|@","3951.99","900","59","9/21/2026 11:21:24","144","27.44"
"093113","Ocean Pkwy - Northbound - Kings Hwy to Avenue I","Brooklyn","iyyvFxqmbM{`CfW","7656.58","900","83","9/21/2026 11:21:24","349","21.94"
"094093","Ocean Pkwy - Northbound - Avenue U to Kings Hwy","Brooklyn","ogxvFhjmbMcMvAab@nE","2900.21","900","56","9/21/2026 11:21:24","97.5","29.75"
"095170","Woodhaven Blvd - Northbound - Furmanville Ave to Dry Harbor Rd","Queens","gepwF~yyaMuMlL}I~HiTbI","3142.13","900","86","9/21/2026 11:21:24","198","15.87"
"097099","Woodhaven Blvd - Southbound - Union Turnpike to Myrtle Ave","Queens","qhmwFbnxaMtEkH|BcEn@m@`Ee@","1390.94","900","112","9/21/2026 11:21:24","35","39.74"
"098094","Ocean Pkwy - Northbound - Avenue X to Avenue U","Brooklyn","u}vvFvfmbM{L{AsEf@oT`C","2478.31","900","66","9/21/2026 11:21:24","127","19.51"
"098100","Ocean Pkwy - Southbound - Avenue X to Shore Pkwy","Brooklyn","k}vvFzimbMbMpCtL`A`L~A","2427.04","900","40","9/21/2026 11:21:24","99","24.52"
"100098","Ocean Pkwy - Northbound - Shore Pkwy to Avenue X","Brooklyn","qtuvFjpmbMkLcB}LeB{LeB","2440.72","900","67","9/21/2026 11:21:24","68","35.89"
"100115","Ocean Pkwy - Southbound - Shore Pkwy to Sea Breeze Ave","Brooklyn","ktuvFhtmbM~q@tJrEx@","3416.59","900","10","9/21/2026 11:21:24","132","25.88"
"102103","34th Street - Westbound - 1st Ave to 2nd Ave","Manhattan","gxtwF~|nbMgEtM","744.96","900","3","9/21/2026 11:21:24","466","1.6"
"103020","34th Street - Westbound - 2nd Ave to 3rd Ave","Manhattan","e~twF~kobM{D|L","705.32","900","20","9/21/2026 11:21:24","96.5","7.31"
"103102","34th Street - Eastbound - 2nd Ave to 1st Ave","Manhattan","k}twFnlobMhEsM","744.35","900","3","9/21/2026 11:21:24","353","2.11"
"103105","2nd Avenue - Southbound - 34th St to 23rd St","Manhattan","u}twFhlobM`j@l^","2872.45","900","16","9/21/2026 11:21:24","135.5","21.2"
"104079","23rd Street - Eastbound - 11th Ave to 10th Ave","Manhattan","uvuwF`oubMbFqP","880.96","900","7","9/21/2026 11:21:24","90","9.79"
"105044","23rd Street - Westbound - 2nd Ave to 3rd Ave","Manhattan","ssswFbkpbMsD~L","700.84","900","18","9/21/2026 11:21:24","55","12.74"
"108078","34th Street - Eastbound - 11th Ave to 10th Ave","Manhattan","{awwFzotbMfFwP","891.65","900","7","9/21/2026 11:21:24","28","31.84"
"108104","11th Avenue - Southbound - 34th St to 23rd St","Manhattan","gbwwFjotbMdj@d_@","2894.89","900","6","9/21/2026 11:21:24","160","18.09"
"109049","42nd Street - Eastbound - 10th Ave to 9th Ave","Manhattan","{ywwFjgsbMhF}P","900.64","900","3","9/21/2026 11:21:24","407","2.21"
"109080","42nd Street - Westbound - 10th Ave to 11th Ave","Manhattan","q{wwFffsbMoFpP","891.38","900","21","9/21/2026 11:21:24","29","30.74"
"109085","10th Avenue - Northbound - 42nd St to 49th St","Manhattan","uzwwFxfsbMsZgS","1844.34","900","32","9/21/2026 11:21:24","269.5","6.84"
"111112","Ocean Pkwy - Northbound - Ditmas Ave to Church Ave","Brooklyn","ew_wFhunbMsv@xI","3281.96","900","95","9/21/2026 11:21:24","144","22.79"
"111113","Ocean Pkwy - Southbound - Ditmas Ave to Avenue I","Brooklyn","ov_wFj{nbMvz@wJ","3526.24","900","102","9/21/2026 11:21:24","189","18.66"
"112111","Ocean Pkwy - Southbound - Church Ave to Ditmas Ave","Brooklyn","qlawFteobM`u@sI","3190.53","900","116","9/21/2026 11:21:24","145","22"
"113093","Ocean Pkwy - Southbound - Avenue I to Kings Hwy","Brooklyn","yz}vF|onbMdbCyW","7735.94","900","55","9/21/2026 11:21:24","440","17.58"
"113111","Ocean Pkwy - Northbound - Avenue I to Ditmas Ave","Brooklyn","c{}vF|inbMa{@nJ","3542.67","900","81","9/21/2026 11:21:24","133","26.64"
"115100","Ocean Pkwy - Northbound - Sea Breeze Ave to Shore Pkwy","Brooklyn","kysvFt~mbMcz@yL","3505.03","900","5","9/21/2026 11:21:24","128","27.38"
"115114","Ocean Pkwy and Sea Breeze Ave to Surf Ave and Stillwell Ave - Westbound","Brooklyn","}zsvFranbMhBfEXjKy@~GoB~U]nX","3473.22","900","2","9/21/2026 11:21:24","255","13.62"
"116080","11th Avenue - Southbound - 49th St to 42nd St","Manhattan","y}xwFldsbMpZ`S","1837.13","900","78","9/21/2026 11:21:24","116","15.84"
"117071","Atlantic Avenue - Eastbound - Boerum Pl to Flatbush Ave","Brooklyn","oajwFxhrbMtLkc@tQin@","4158.51","900","20","9/21/2026 11:21:24","457","9.1"
"118023","34th Street - Westbound - 5th Ave to 6th Ave","Manhattan","auuwFdbqbMqG|R","1013.44","900","2","9/21/2026 11:21:24","1216","0.83"
"119061","9th Avenue - Southbound - 37th St to 34th St","Manhattan","s_wwFdcsbM|JvG","797","900","4","9/21/2026 11:21:24","62.5","12.75"
"120135","Flatbush Ave - Northbound - Aviators Sports Complex to Golf Course","Brooklyn","exvvFpv`bMocAlkA","5240.62","900","16","9/21/2026 11:21:24","101","51.89"
"120140","Flatbush Ave - Southbound - Aviators Sports Complex to Beach 140 st","Brooklyn","}vvvFtx`bMdhAwpApc@_Tv\mRnBqHiq@ehBgEgFgG_M","17122.83","900","35","9/21/2026 11:21:24","270","63.42"
"121146","Richmond Ave - Northbound - Hylan Blvd to Amboy Rd","Staten Island","ozkvF`ercMqI`RaAvB_k@fh@","4405.32","900","2","9/21/2026 11:21:24","159","27.71"
"122135","Flatbush Ave - Southbound - Avenue U to Golf Course","Brooklyn","cqzvFp_ebMtYw\vYw\","4084.31","900","34","9/21/2026 11:21:24","120","34.04"
"123124","Hylan Blvd - Northbound - Page Ave to Seguine Ave","Staten Island","usfvFp`adM}AyMoAgWeA{LuJ}w@y@qDwBcFkPwYqLqTeK_RgBwN","10295.12","900","2","9/21/2026 11:21:24","219","47.01"
"124123","Hylan Blvd - Southbound - Seguine Ave to Page Ave","Staten Island","e|hvFbszcMvAzKp@nCjJjQl]pn@pBvD`AzDjBzNbCtSxDt[ThErAfW~AxN","10331.12","900","18","9/21/2026 11:21:24","245","42.17"
"124125","Hylan Blvd - Northbound - Seguine Ave to Huguenot Ave","Staten Island","}zhvF|rzcMq@wDaCyEaIeOaEqOuG{V","3573.06","900","7","9/21/2026 11:21:24","128","27.91"
"125124","Hylan Blvd - Southbound - Huguenot Ave to Seguine Ave","Staten Island","ozivFhnxcMlD|MtBhIlDxMpIhPfBlDJZn@bD","3550.52","900","38","9/21/2026 11:21:24","79","44.94"
"125127","Hylan Blvd - Northbound - Huguenot Ave to Arden Ave","Staten Island","syivFpmxcMgO}k@YiBOgCv@wt@UwDo@iDsNqd@","7349.52","900","19","9/21/2026 11:21:24","223","32.96"
"126062","Hylan Blvd - Northbound - Guyon Ave to New Dorp Ln","Staten Island","g}pvF~pkcMyTkVi]o]uI{I","4657.24","900","73","9/21/2026 11:21:24","234","19.9"
"126145","Hylan Blvd - Southbound - Guyon Ave to Keegans Ln","Staten Island","}}pvF~qkcMfC|CVbAVpCe@rJTjCn@nBr]v`@xDlG~JpMv@xAhDhHhDfG","6484.89","900","7","9/21/2026 11:21:24","150","43.23"
"127121","Hylan Blvd - Northbound - Arden Ave to Richmond Ave","Staten Island","i{jvFxrscMoFuP_CiHoAcBwOwN","2776.11","900","43","9/21/2026 11:21:24","72","38.56"
"127125","Hylan Blvd - Southbound - Arden Ave to Huguenot Ave","Staten Island","}{jvFnsscMfFfPhG`SZpAR|AF`ADzBY`[]~TJtCL~AfAvFv@nCzK~b@","7338.97","900","34","9/21/2026 11:21:24","214","34.29"
"128068","Hylan Blvd - Northbound - West Fingerboard Rd to Narrows Rd South (via Fingerboard Rd)","Staten Island","gnxvFpebcM_A[}AIaANKHsGrAcAiDo@qBOaAFcACSQw@Ua@_GiB","2262.17","900","25","9/21/2026 11:21:24","72","31.42"
"129130","Richmond Ave - Southbound - Richmond Hill Rd to Forest Hill Rd","Staten Island","apvvFn{tcMhAp@tJpBtUlBvUbBhIh@nITfTj@~EUpCS","6657.81","900","7","9/21/2026 11:21:24","243","27.4"
"129131","Richmond Ave - Northbound - Richmond Hill Rd to Eton Pl","Staten Island","oovvFnytcMqDeDkAeA}AoBwKqPqAwA{@a@sBy@mBc@gAIqA@a^bEcHlAiAAiAKqLeD","6374.21","900","22","9/21/2026 11:21:24","154.5","41.26"
"130129","Richmond Ave - Northbound - Forest Hill Rd to Richmond Hill Rd","Staten Island","c_svFbgucM}BReFPyO]iN]cIe@_SeByU{AeGkAoEeAm@_@","6611.52","900","14","9/21/2026 11:21:24","835","7.92"
"131129","Richmond Ave - Southbound - Eton Pl to Richmond Hill Rd","Staten Island","iryvFxzscMtMfDdAJfDUrCs@x^_EbAErDp@zD|ArAzA`KvOvA|AxAzAvDnD","6358.78","900","77","9/21/2026 11:21:24","249","25.54"
"133134","Flatbush Ave - Southbound - Kings Hwy to Fillmore Ave","Brooklyn","i`}vFfwgbMbFoFhIsJr]aa@","3664.03","900","4","9/21/2026 11:21:24","1224.5","2.99"
"134122","Flatbush Ave - Southbound - Fillmore Ave to Avenue U","Brooklyn","ep{vF|afbMx]{a@","2371.24","900","25","9/21/2026 11:21:24","191","12.41"
"134133","Flatbush Ave - Northbound - Fillmore Ave to Kings Hwy","Brooklyn","}p{vF|`fbM_BjBeF|Fu]da@{EfF","3637.56","900","5","9/21/2026 11:21:24","173","21.03"
"135122","Flatbush Ave - Northbound - Golf Course to Avenue U","Brooklyn","s|xvFzbcbMe]n`@wKfKeJhK","4076.2","900","7","9/21/2026 11:21:24","922","4.42"
"137114","Stillwell Ave - Southbound - Neptune Ave to Surf Ave","Brooklyn","astvF|rpbMnJeAjJoA","1351.37","900","3","9/21/2026 11:21:24","79","17.11"
"139130","Richmond Ave - Northbound - Wainwright Ave to Forest Hill Rd","Staten Island","s|pvFngucM}ANee@s@_MQkJj@","3887.37","900","77","9/21/2026 11:21:24","198","19.63"
"139146","Richmond Ave - Southbound - Wainwright Ave to Amboy Rd","Queens","m|pvFphucMbn@qItP_C`H_A|AWf@YlB{B`J}AbFuApEcF","6482.4","900","26","9/21/2026 11:21:24","298.5","21.72"
"140120","Beach Channel Dr - Westbound - Beach 140 St to Aviators Sports Complex","Queens","sitvFzvxaMbIdRjB|A~FpOh]p|@|JxXiC|GqcAti@ma@df@wa@ne@","16938.92","900","2","9/21/2026 11:21:24","1315","12.88"
"140144","Beach Channel Dr - Eastbound - Beach 140 St to Beach 116 St","Queens","whtvFlvxaM}Rwd@mAuCw@cD_AuJOyQnAcM{@_i@","6413.01","900","37","9/21/2026 11:21:24","207","30.98"
"144092","Beach Channel Dr - Eastbound - Beach 116 St to Cross Bay Blvd @ 20 Rd","Queens","wbuvFdptaM[}ByGkZwB{MQ_GqJog@yCoMqDwJImC[kAoBm@aAl@uDdD_CpAwGbB}[bG}Oq@","10359.6","900","10","9/21/2026 11:21:24","305","33.97"
"145126","Hylan Blvd - Northbound - Keegans Ln to Guyon Ave","Staten Island","oynvF~|ncMgJuQgLeOwC{EiMqOcGsGwD_EcCuD]oAGuAFwA\qE?gCg@{CiAiBmAwA","6489.63","900","2","9/21/2026 11:21:24","205","31.66"
"146121","Richmond Ave - Southbound - Amboy Rd to Hylan Blvd","Staten Island","crmvFxetcM~IoIzYeXhBeBdByB|JmT","4389.04","900","6","9/21/2026 11:21:24","206","21.31"
"146139","Richmond Ave - Northbound - Amboy Rd to Wainwright Ave","Staten Island","csmvFbetcM{CpDcAp@}D`AaJ|A_@L{AtBs@b@oALwf@xG_a@lF","6450.81","900","34","9/21/2026 11:21:24","240","26.88"
"148150","Rockaway Blvd - Northbound - Brookville Blvd to Farmers Blvd","Queens","qs`wFn~aaMoMtMiKnKyBjDqj@nkAuUjg@}P|`@yBjE","10952.42","900","13","9/21/2026 11:21:24","191","57.34"
"148151","Rockaway Blvd - Southbound - Brookville Blvd to Five-Towns Entrace","Queens","er`wFp_baM~EaFhAkArCsB|DyA|DiA","1729.49","900","111","9/21/2026 11:21:24","70","24.71"
"150147","Rockaway Blvd - Northbound - Farmers Blvd to South Conduit Ave","Queens","cjdwFf|gaM_@v@kTrPoTrQ","3070.28","900","19","9/21/2026 11:21:24","360","8.53"
"150148","Rockaway Blvd - Southbound - Farmers Blvd to Brookville Blvd ","Queens","qidwF|}gaMbCyEzBsFbWqk@lV{g@da@e{@|LyMtNoN","11004.77","900","4","9/21/2026 11:21:24","232","47.43"
"151148","Rockaway Blvd - Northbound - Five-Towns Entrance to Brookville Blvd","Queens","{x_wFvkaaM}HdCaEhCuIjI","1785.93","900","8","9/21/2026 11:21:24","870","2.05"
"158157","Main St - Southbound - Northern Blvd to Roosevelt Ave","Queens","koxwFvisaM|GwDfK_E","1342.98","900","3","9/21/2026 11:21:24","892","1.51"
"158165","Northern Blvd - Eastbound - Main St to Union St","Queens","knxwFbhsaMcBoJmBuJ","1094.45","900","64","9/21/2026 11:21:24","138","7.93"
"159176","Sanford Ave - Westbound - Main St to College Pnt Blvd","Queens","ehwwFztraMtKvY","1395.48","900","8","9/21/2026 11:21:24","135.5","10.3"
"161162","Horace Harding Expwy NSR - Westbound - Kissena Blvd to Main St","Queens","e{swFh_paMgAxGuB`JaNxk@","3113.87","900","16","9/21/2026 11:21:24","88","35.38"
"162175","Horace Harding Expwy - Westbound - Main St to College Pnt Blvd","Queens","_ptwF|_raMWtAqBf`@wAz]w@dD","3237.65","900","5","9/21/2026 11:21:24","86","37.65"
"162179","Main St - Northbound - Horace Harding Expwy to Peck Ave","Queens","cptwFr_raMaXxCgPgA","2490.09","900","5","9/21/2026 11:21:24","1215","2.05"
"163157","Roosevelt Ave - Westbound - Parsons Blvd to Main St","Queens","ogxwF`kqaMzKlq@","2353.17","900","3","9/21/2026 11:21:24","608","3.87"
"163164","Parsons Blvd - Northbound - Roosevelt Ave to Northern Blvd","Queens","egxwFpjqaM}QxG","1172.03","900","8","9/21/2026 11:21:24","175.5","6.68"
"164163","Parsons Blvd - Southbound - Northern Blvd to Roosevel Ave","Queens","_zxwFbtqaM~Q{G","1176.39","900","4","9/21/2026 11:21:24","232","5.07"
"164165","Northern Blvd - Westbound - Parsons Blvd to Union St","Queens","szxwF`tqaMv@xMhAzL","1290.85","900","4","9/21/2026 11:21:24","781.5","1.65"
"165164","Northern Blvd - Eastbound - Union St to Parsons Blvd","Queens","_uxwF`qraMsAaM{@qN","1336.96","900","13","9/21/2026 11:21:24","137","9.76"
"166169","Jackie Robinson Pkwy - Northbound- Metropolitan Ave to Queens Blvd","Queens","a~mwF~cuaMi@gA{BsHqByIy@aBoByCcBkCoHsPsDyIOo@w@uEy@}D","4068.21","900","143","9/21/2026 11:21:24","47","86.56"
"167166","Jackie Robinson Pkwy - Northbound - Forest Pk Dr to Metropolitan Ave","Queens","gwkwFhyzaMoC_GgBkAoFeAyCo@aC_B{AwBu@}BcAwE[_GDqGx@eJLyD_@oEsD{LeAwIm@cDcAwB_BuCsBaC}CsBcDqCmBcEi@gDK{BKgOOuF]}FoAyEyAuD","9904.74","900","119","9/21/2026 11:21:24","437","22.67"
"170095","Woodhaven Blvd - Southbound - Dry Harbor Rd to Furmanville Ave","Queens","qsqwFj}zaMvSgI|QiPjFuE","3160.37","900","4","9/21/2026 11:21:24","771","4.1"
"175184","College Pnt Blvd - Northbound - Horace Harding Expwy to Booth Memorial Ave","Queens","wxtwFfhtaMwC_FqBwA_IoDaA{@uCcF","1852.28","900","2","9/21/2026 11:21:24","1197","1.55"
"176184","College Point Blvd - Southbound - Sanford Ave to Booth Memorial Ave","Queens","k{vwFlpsaM`P_DfBDzInAjHrA","2413.79","900","2","9/21/2026 11:21:24","705","3.42"
"179162","Main St - Southbound - Peck Ave to Horace Harding Expwy","Queens","qzuwFvbraMhPfAvWoC","2473.72","900","10","9/21/2026 11:21:24","164.5","15.04"
"183161","Kissena Blvd -  Southbound - Holly Ave to Horace Harding Expwy NSR","Queens","ibvwFrxpaMpJiKnEgFvEsF~CqDTQf@OnBDlALvHfBbMlCtANfADvAAPH\?","4711.01","900","12","9/21/2026 11:21:24","353","13.35"
"184175","College Pnt Blvd - Southbound - Booth Memorial Ave to Horace Harding Expwy","Queens","sruwFxpsaMdDzF`Ax@dGhC`CtAxDlG","1890.21","900","50","9/21/2026 11:21:24","79","23.93"
"188189","5th Avenue  - Southbound - 96 St to 86 St","Manhattan","mk}wFrnkbM|f@~[","2660.26","900","11","9/21/2026 11:21:24","259","10.27"
"190191","Lexington Ave - Southbound - 96 St to 86 St","Manhattan","u~|wFjpjbMzf@`\","2658.42","900","10","9/21/2026 11:21:24","261.5","10.17"
"191021","Lexington Ave - Southbound - 86 St to 72 St","Manhattan","yv{wFhmkbMtw@lh@","3781.98","900","26","9/21/2026 11:21:24","326","11.6"
"192193","2nd Avenue - Southbound - 86th St to 72nd St","Manhattan","wl{wFrujbM`LzH`Bt@`C`Brc@zY","3791.02","900","35","9/21/2026 11:21:24","268","14.15"
"193021","72nd Streeet - Westbound - 2nd Ave to Lexington Ave","Manhattan","etywF|~kbMk@jBy@rB_AvC_DzJ","1202.3","900","26","9/21/2026 11:21:24","143","8.41"
"193055","2nd Avenue - Southbound - 72nd St to 57th St","Manhattan","_tywFb_lbMjz@zi@","3950.2","900","14","9/21/2026 11:21:24","388","10.18"
"194196","Williamsburg Bridge - Eastbound - Manhattan @ Delancey to Brooklyn @ Bedford Ave","Manhattan","_sowFvgqbMrh@ihC","6550.2","900","310","9/21/2026 11:21:24","108","60.65"
"197195","Williamsburg Bridge - Westbound - Brooklyn @ Bedford Ave to Manhattan @ Delancey","Manhattan","aknwFr}lbMwh@fhC","6550.31","900","273","9/21/2026 11:21:24","559","11.72"
"201071","Atlantic Avenue - Westbound - Carlton Ave to Flatbush Ave","Brooklyn","uxhwFpknbMo@bFe@rE}B~QeBhH","1953.12","900","54","9/21/2026 11:21:24","153","12.77"
"202035","Belt Pkwy - Eastbound - 68th St to Bay 8th St","Brooklyn","wn`wFjd{bMr`@|Ol\pLtZhCn^w@|]eFjGoCbHqGxCgE`EgE`OwItDqC`JeM~CqHz@kJg@uVRsI|DkS","17111.81","900","94","9/21/2026 11:21:24","169.5","100.95"
"203041","57th St - eastbound - QBB UL Entrance to 1 Ave","Manhattan","avwwF`embMbCoH","482.64","900","7","9/21/2026 11:21:24","8","60.33"
"203055","57th St - westbound - QBB UL Entrance to 2 Ave","Manhattan","{vwwFbembM_AvC","239.57","900","8","9/21/2026 11:21:24","28.5","8.41"
"204044","23rd Street - eastbound - madison ave to 3 ave","Manhattan","getwFxwqbMtK{\","1514.96","900","44","9/21/2026 11:21:24","177","8.56"
"003013","57th Street - Westbound - Lexington Ave to Madison Ave","Manhattan","gcxwFvanbM_CpHoCrI","1021.15","0","0","9/21/2026 11:21:24","0","0"
"004005","3rd Avenue - Northbound - 42nd St to 49th St","Manhattan","icvwFhcobMgCyAoVgP","1847","0","0","9/21/2026 11:21:24","0","0"
"004042","42nd Street - Eastbound - 3rd Ave to 2nd Ave","Manhattan","ybvwFrcobM|DaM","711.89","0","0","9/21/2026 11:21:24","0","0"
"008011","Madison Avenue - Northbound - 34th St to 42nd St","Manhattan","opuwFnxpbM}JsGqJmG_G}D","2101.21","0","0","9/21/2026 11:21:24","0","0"
"008020","34th Street - Eastbound - Madison Ave to 3rd Ave","Manhattan","apuwFxxpbMdCyHjCmIfC_I","1532.57","0","0","9/21/2026 11:21:24","0","0"
"008118","34th Street - Westbound - Madison Ave to 5th Ave","Manhattan","{puwFdxpbMeC|H","502.84","0","0","9/21/2026 11:21:24","0","0"
"012013","Madison Avenue - Northbound - 49th St to 57th St","Manhattan","ukwwFfmobMk^{U","2092.07","0","0","9/21/2026 11:21:24","0","0"
"012015","49th Street - Westbound - Madison Ave to 5th Ave","Manhattan","ukwwFfmobMgCbI","511.81","0","0","9/21/2026 11:21:24","0","0"
"013003","57th Street - Eastbound - Madison Ave to Lexington Ave","Manhattan","yjxwFpvnbM|BmHnCuI","1016.97","0","0","9/21/2026 11:21:24","0","0"
"013016","57th Street - Eastbound - 5th Ave to Madison Ave","Manhattan","aoxwFr`obMtAkEp@uB","509.36","0","0","9/21/2026 11:21:24","0","0"
"014118","5th Avenue - Southbound - 42nd St to 34th St","Manhattan","ktvwFpkpbMt^xU","2106.79","0","0","9/21/2026 11:21:24","0","0"
"016013","57th Street - Westbound - Madison Ave to 5th Ave","Manhattan","wkxwF|unbMqAdEu@zB","509.39","0","0","9/21/2026 11:21:24","0","0"
"018019","6th Avenue - Northbound - 49th St to 57th St","Manhattan","kxwwFpkpbMyJoGiFgDqKgH","2110.72","0","0","9/21/2026 11:21:24","0","0"
"021022","72nd Street - Westbound - Lexington Ave to 5th Ave","Manhattan","q~ywFnvlbMsK`]","1519.55","0","0","9/21/2026 11:21:24","0","0"
"022016","5th Avenue - Southbound - 72nd St to 57th St","Manhattan","yjzwF|tmbM|NrJtRhMtVlP","3957.63","0","0","9/21/2026 11:21:24","0","0"
"022021","72nd Street - Eastbound - 5th Ave to Lexington Ave","Manhattan","kjzwFfumbMtKa]","1521.33","0","0","9/21/2026 11:21:24","0","0"
"023118","34th Street - Eastbound - 6th Ave to 5th Ave","Manhattan","w|uwFzvqbMlGeS","1019.53","0","0","9/21/2026 11:21:24","0","0"
"025035","Belt Pkwy - Westbound - Ocean Pkwy to Bay 8th St","Brooklyn","iquvFtrmbMh@|OfB~QvA~M`@|H@lHUxFaAzLqC`WmBdLgChIuDdGsCvCuFhDuLxEyDxB_E`DqKnLmF|Iw@fBcBlFgAzFgA|HsAnEoBrEwOjYgC~FwCjJqB|JoGx\","17547.15","0","0","9/21/2026 11:21:24","0","0"
"029150","Belt Pkwy EB @ Cross Bay Blvd - Rockaway Blvd @ Farmers Blvd","Queens","mqewFdcuaM_B_Hy@cGEiFnAaKzByL|@yI`A}Gf@aKbFoNWiNbEmn@`@}M}@mHgHmWkBwTY}Vx@sZb@mIzHm`A`DmQhJ{YbBaJ|AgE","19472.98","0","0","9/21/2026 11:21:24","0","0"
"030171","Henry Hudson Pkwy - Northbound - 57th St to 79th St","Manhattan","{dzwFx~rbMgUiNyT{NgJmGcIaHqMuIsF_D","5856.76","0","0","9/21/2026 11:21:24","0","0"
"033024","Belt Pkwy - Westbound - East of JFK to Crossbay Blvd.","Queens","qxewFjriaMlCnl@LdEX~W@jHIdMy@xy@QjBMrXx@vIrAzFlDbQb@vEFpHk@~[e@zRw@zOu@zGcCdMwAlJIhHf@bF|B`L","16703.62","0","0","9/21/2026 11:21:24","0","0"
"034025","Belt Pkwy - Westbound - Flatbush Ave to Ocean Pkwy","Brooklyn","u~wvFfdbbMxErAnFb@xDOdJy@jF\`Dr@fFtCfEfEtCvElD|HlChI`BpKfAfNLnPWxLyA|PcDxQ{BhKo@`GQjHd@dK`Epb@~@jQh@nRFjFQtHu@bIg@~LDbKr@bLtBvWr@bU","19653.72","0","0","9/21/2026 11:21:24","0","0"
"042004","42nd Street - Westbound - 2nd Ave to 3rd Ave","Manhattan","w}uwF|tnbM}D`M","711.89","0","0","9/21/2026 11:21:24","0","0"
"042048","42nd Street - Eastbound - 2nd Ave to 1st Ave","Manhattan","{|uwFrunbMhEyM","751.53","0","0","9/21/2026 11:21:24","0","0"
"042103","2nd Avenue -  Southbound - 42nd St to 34th St","Manhattan","c}uwFfunbMj^`V","2096.18","0","0","9/21/2026 11:21:24","0","0"
"045102","1st Avenue - Northbound - 23rd St to 34th St","Manhattan","ilswF`}obMaj@y^","2880.52","0","0","9/21/2026 11:21:24","0","0"
"045105","23rd Street - Westbound - 1st Ave to 2nd Ave","Manhattan","mmswFb|obMcE~M","753.61","0","0","9/21/2026 11:21:24","0","0"
"047023","6th Avenue - Northbound - 23rd St to 34th ST","Manhattan","artwF~urbMeCaB}]oUMOoFmD","2874.47","0","0","9/21/2026 11:21:24","0","0"
"047106","23rd Street - Westbound - 6th Ave to 7th Ave","Manhattan","_stwFjurbMiF`Q","905.67","0","0","9/21/2026 11:21:24","0","0"
"048040","1st Avenue - Northbound - 42nd St to 49th St","Manhattan","_wuwFnfnbM_DsByMyI}FwD","1849.46","0","0","9/21/2026 11:21:24","0","0"
"048042","42nd Street - Westbound - 1st Ave to 2nd Ave","Manhattan","qwuwF`fnbMeExM","747.98","0","0","9/21/2026 11:21:24","0","0"
"049053","42nd Street - Eastbound - 9th Ave to 8th Ave","Manhattan","urwwFhurbMlFyP","899.29","0","0","9/21/2026 11:21:24","0","0"
"050057","8th Avenue - Northbound - 23rd St to 34th St","Manhattan","aauwFpysbMcj@m^","2875.57","0","0","9/21/2026 11:21:24","0","0"
"050082","23rd Street - Westbound - 8th Ave to 9th Ave","Manhattan","sauwFbysbMqF~P","910.2","0","0","9/21/2026 11:21:24","0","0"
"053038","8th Avenue - Northbound - 42nd St to 49th St","Manhattan","ukwwFfcrbMeCcB_C{A{BwA{B}A{ByA}B{A}ByA","1846.29","0","0","9/21/2026 11:21:24","0","0"
"053049","42nd Street - Westbound - 8th Ave to 9th Ave","Manhattan","alwwFtbrbMqFzP","905.24","0","0","9/21/2026 11:21:24","0","0"
"053059","42nd Street - Eastbound - 8th Ave to 7th Ave","Manhattan","ekwwFncrbMlFyP","899.3","0","0","9/21/2026 11:21:24","0","0"
"054052","57th Street - Eastbound - 8th Ave to Broadway","Manhattan","ofywFhxpbMtAmE","324.96","0","0","9/21/2026 11:21:24","0","0"
"057053","8th Avenue - Northbound - 34th St to 42nd St","Manhattan","elvwFbzrbMm^}U","2096.63","0","0","9/21/2026 11:21:24","0","0"
"058054","57th Street - Eastbound - 9th Ave to 8th Ave","Manhattan","}mywFbjqbMjFsP","890.17","0","0","9/21/2026 11:21:24","0","0"
"058077","57th Street - Westbound - 9th Ave (Columbus Ave) to 10th Ave (Amsterdam Ave)","Manhattan","}nywFhiqbMmFzP","901.6","0","0","9/21/2026 11:21:24","0","0"
"059017","42nd Street - Eastbound - 7th Ave to 6th Ave","Manhattan","wcwwFtqqbMlFsP","892.06","0","0","9/21/2026 11:21:24","0","0"
"059053","42nd Street - Westbound - 7th Ave to 8th Ave","Manhattan","sdwwFbqqbMoFxP","901.07","0","0","9/21/2026 11:21:24","0","0"
"060106","7th Avenue - Southbound - 34th St to 23rd St","Manhattan","sdvwFlhrbM`j@n^","2873.73","0","0","9/21/2026 11:21:24","0","0"
"061057","34th Street - Eastbound - 9th Ave to 8th Ave","Manhattan","esvwFflsbMlFyP","899.34","0","0","9/21/2026 11:21:24","0","0"
"061082","9th Avenue - Southbound - 34th St to 23rd St","Manhattan","usvwF|ksbMtVjPxLbIpDbC","2876.39","0","0","9/21/2026 11:21:24","0","0"
"063074","Father Capodanno Blvd @ Seaview Ave to Hyland Blvd @ Midland Ave via Midland Ave","Staten Island","wstvF~iccMlFlGhEhItD`I~GhNlB`EtErJ|AzCn@z@rArArBjBjB`BuAzCoApC_DbH_DdHoArC}C`H_ArBgGfNc@l@_@`@gDzBcCrF","8868.3","0","0","9/21/2026 11:21:24","0","0"
"066067","Hylan Blvd - Northbound -  Seaview Ave to Narrows Rd South Via Steuben St","Staten Island","o`vvFfbfcMgFuFyJaIaIgHiPeGmKgD_EgAwAgBqEqPFcS{EsH{HoDeFz@{ClAqMaA","9054.74","0","0","9/21/2026 11:21:24","0","0"
"067068","Narrows Rd South - Eastbound - Hylan Blvd to Fingerboard Rd","Staten Island","ewyvFfbccMj@aLxBkOxE{O","2190.4","0","0","9/21/2026 11:21:24","0","0"
"074063","Hylan Blvd @ Midland Ave to Father Capodanno Blvd @ Seaview Ave via Midland Ave","Staten Island","yjtvFrbhcM|BkFdE_DbA{ArAyC|CeH`AqB|CcH|CcH`DeH|CcHjBoEaIsHi@s@wAsCu@{AcAqBsEmJcEqIyAyCwDaIiDcHu@iA{EsF","8988.5","0","0","9/21/2026 11:21:24","0","0"
"076045","1st Avenue - Northbound - 14th St to 23rd St","Manhattan","wirwF~upbMia@aX","2289.12","0","0","9/21/2026 11:21:24","0","0"
"081077","57th Street - Eastbound - 11th Ave to 10th Ave (Amsterdam Ave)","Manhattan","_}ywFrmrbMnFyP","900.93","0","0","9/21/2026 11:21:24","0","0"
"086087","Woodhaven Blvd - Southbound - Jamaica Ave to Rockaway Blvd","Queens","q}jwFvhwaMxBiArEyBdCgAtGyCdGcDtEmEtCyCpD{BfI}CvKgEdGiB","5137.84","0","0","9/21/2026 11:21:24","0","0"
"086099","Woodhaven Blvd - Northbound - Jamaica Ave to Myrtle Ave","Queens","s~jwFnewaMuAd@iC`@qG|@{GOwBO{GpDeEpEmBvB_B^wDG","3480.9","0","0","9/21/2026 11:21:24","0","0"
"087086","Woodhaven Blvd - Northbound - Rockaway Blvd to Jamaica Ave","Queens","emhwFfwuaMeASgGbBkKrEkIdDkDjBoDhDgEdDaD|BaH`DyEtBiI`D","5225.04","0","0","9/21/2026 11:21:24","0","0"
"087088","Cross Bay Blvd - Southbound - Rockaway Blvd to 156th Ave","Queens","smhwFrxuaMrAFhASx@SxDc@nC_@nFeAbDm@fCo@dDQzCJ`B@|EKlCa@~KwBpJiBdJsAjCg@dDc@","6156.07","0","0","9/21/2026 11:21:24","0","0"
"088087","Cross Bay Blvd - Northbound - 156th Ave to Rockaway Blvd","Queens","afewF~`uaMmJ~AkFx@aFv@cP|CuEj@{EVoGSsCR}GrAcGtAsIz@mBd@gAD","6115.42","0","0","9/21/2026 11:21:24","0","0"
"088089","Cross Bay Blvd - Southbound - 156th Ave to North Channel Br","Queens","{eewFxbuaMdIkAdIwA~IyAzSkDtSuC~SkD~RyC~ZgM~OqH`EiC","10000.02","0","0","9/21/2026 11:21:24","0","0"
"089088","Cross Bay Blvd -  Northbound - North Channel Br to 156th Ave","Queens","ua`wFnisaMsEnCu[nNwFdCiC`AsEdAoIjAwEp@uHlAgEt@eC^_NvBkHhAeFt@}SfDsS`D","9961.11","0","0","9/21/2026 11:21:24","0","0"
"092091","Cross Bay Blvd - Northbound - W 20th Rd to W 6th Rd","Queens","wmxvFtaqaM{Go@gC_@}K{@cL}@gGk@sGk@uIs@","3925.39","0","0","9/21/2026 11:21:24","0","0"
"092144","Cross Bay Blvd - Southbound - 20 Rd to Beach Channel Dr @ Beach 116 St","Queens","_nxvF`cqaM`M~@bg@wIrLQ`Ah@pCfFz@hBdFhV`CzL`ClMXbGJdA~BrNnHp\","9819.22","0","0","9/21/2026 11:21:24","0","0"
"093094","Ocean Pkwy - Southbound - Kings Hwy to Avenue U","Brooklyn","axyvFpumbMtR}B`\mD","2875.74","0","0","9/21/2026 11:21:24","0","0"
"094098","Ocean Pkwy - Southbound - Avenue U to Avenue X","Brooklyn","kgxvFdlmbMd[gDzL~A","2482.41","0","0","9/21/2026 11:21:24","0","0"
"095096","Woodhaven Blvd - Southbound - Furmanville Ave to Metropolitan Ave","Queens","kdpwFj{yaMba@ma@lCo@~CArGN","3570.91","0","0","9/21/2026 11:21:24","0","0"
"096095","Woodhaven Blvd - Northbound - Metropolitan Ave to Furmanville Ave","Queens","wonwFbuxaMsK_@yEhAoF`GoBtB_V`V","3661.2","0","0","9/21/2026 11:21:24","0","0"
"096097","Woodhaven Blvd - Southbound - Metropolitan Ave to Union Turnpike","Queens","epnwFzwxaMdADvZgChAUzAo@hCqB","2374.44","0","0","9/21/2026 11:21:24","0","0"
"097096","Woodhaven Blvd - Northbound - Union Turnpike to Metropolitan Ave","Queens","iimwFpkxaMkBhBaBx@kHz@aMv@sGX","2324.14","0","0","9/21/2026 11:21:24","0","0"
"099086","Woodhaven Blvd - Southbound - Myrtle Ave to Jamaica Ave","Queens","kvlwF~{waMhFKtDyC~CuChHgEpCJxGLvKmAlBk@","3532.76","0","0","9/21/2026 11:21:24","0","0"
"099097","Woodhaven Blvd - Northbound - Myrtle Ave to Union Tpke","Queens","_vlwFfywaMqCDaA\{AzAoBfDiE|G","1454.25","0","0","9/21/2026 11:21:24","0","0"
"105045","23rd Street - Eastbound - 2nd Ave to 1st Ave","Manhattan","erswFblpbMfEyM","749.85","0","0","9/21/2026 11:21:24","0","0"
"106047","23rd Street - Eastbound - 7th Ave to 6th Ave","Manhattan","_ytwFjhsbMjFaQ","907.4","0","0","9/21/2026 11:21:24","0","0"
"106050","23rd Street - Westbound - 7th Ave to 8th Ave","Manhattan","gztwFlgsbMoFnP","889.13","0","0","9/21/2026 11:21:24","0","0"
"106107","7th Avenue - Southbound - 23rd St to 14th St","Manhattan","oytwF|gsbMta@bX","2309.57","0","0","9/21/2026 11:21:24","0","0"
"114115","Surf Avenue and Stillwell Ave to Ocean Pkwy and Sea Breeze Ave - Eastbound","Brooklyn","s{svFdmpbMToSdCiZl@}Kk@uI}A}E","3557.5","0","0","9/21/2026 11:21:24","0","0"
"114137","Stillwell Ave - Northbound - Surf Ave to Neptune Ave","Brooklyn","g|svFvlpbMmJtAmJ|@","1351.27","0","0","9/21/2026 11:21:24","0","0"
"117072","Atlantic Avenue - Westbound - Boerum Pl to BQE Exit","Brooklyn","mbjwFdhrbMqBxImH|`@","2121.64","0","0","9/21/2026 11:21:24","0","0"
"118008","34th Street - Eastbound - 5th Ave to Madison Ave","Manhattan","gtuwFtbqbMdC{H","500.43","0","0","9/21/2026 11:21:24","0","0"
"121127","Hylan Blvd - Southbound - Richmond Ave to Arden Ave","Staten Island","ozkvFvercMrLvKzBrBn@~@`CrHzBtGpBzG","2758.7","0","0","9/21/2026 11:21:24","0","0"
"121145","Hylan Blvd - Northbound - Richmond Ave to Keegans Ln","Staten Island","uykvFtdrcMqTwWyHaHuRmOyD{EuDiCiF}GaRgXyEaG","7266.26","0","0","9/21/2026 11:21:24","0","0"
"122134","Flatbush Ave - Northbound - Avenue U to Fillmore Ave","Brooklyn","krzvFp}dbMuIbKmHxJiIvJ","2379.05","0","0","9/21/2026 11:21:24","0","0"
"130139","Richmond Ave - Southbound - Forest Hill Rd to Weinwright Ave","Staten Island","{~rvFniucMlIs@nML~g@H","3853.28","0","0","9/21/2026 11:21:24","0","0"
"135120","Flatbush Ave - Southbound - Golf Course to Aviators Sports Complex","Brooklyn","u{xvFbdcbMtcAmjA","5220.49","0","0","9/21/2026 11:21:24","0","0"
"144140","Beach Channel Dr - Westbound - Beach 116 St to Beach 140 St","Queens","_duvFxptaMbAnh@oAhMRhRx@rI|@`EpUti@","6431.79","0","0","9/21/2026 11:21:24","0","0"
"145121","Hylan Blvd - Southbound - Keegans Ln to Richmond Ave","Staten Island","mznvFf~ncM|@lAfDpDzBhDvMzRxH|IfB|@zD`FlZfVrVlZ","7276.22","0","0","9/21/2026 11:21:24","0","0"
"147150","Rockaway Blvd - Southbound - South Conduit Ave to Farmers Blvd","Queens","}uewFhdiaMbNeLdNyK`DkA|CDv@kDhAyC","3224.15","0","0","9/21/2026 11:21:24","0","0"
"154181","Beach Channel Dr - Westbound - Bay 32 st to Beach 69 st","Queens","emxvFzlfaMl@hBbAtAb@RzEh@~@^t@|@HzDhAbUvA~n@zAjj@dJh[vAzh@","9665.09","0","0","9/21/2026 11:21:24","0","0"
"154182","Beach Channel Dr - Eastbound - Bay 32 st to Mott Ave","Queens","wlxvFflfaMyKyYgBeC_A_EaDcGqH_QoFiBg@Y","3942.33","0","0","9/21/2026 11:21:24","0","0"
"155180","Seagirt Blvd - Westbound - Beach 9th St to Beach 32nd St","Queens","{_xvFxcbaM`FxUZjFLdEB~TOzNc@hKuBrI]vK|@`S}@~H{AvB","6602.6","0","0","9/21/2026 11:21:24","0","0"
"156181","Beach Channel Dr - Eastbound - Beach 90 st to Beach 69 st","Queens","mjvvFnmpaMaByAoJwUGoDPwGUsHs@mCYqD@uC|AkMcByV]w@{G_Fg@uBIkD","6016.21","0","0","9/21/2026 11:21:24","0","0"
"157158","Main St - Northbound - Roosevelt Ave to Northern Blvd","Queens","azwwFr|raMwKjEwG`D","1353.43","0","0","9/21/2026 11:21:24","0","0"
"157159","Main St - Southbound - Roosevelt Ave to Sanford Ave","Queens","czwwF~}raMzKkEjDcA","1130.14","0","0","9/21/2026 11:21:24","0","0"
"157160","Main St @ Roosevelt to Kissena Blvd @ Sanford Ave","Queens","_zwwFx}raMlDsAf@q@fG_N","1258.02","0","0","9/21/2026 11:21:24","0","0"
"157163","Roosevelt Ave - Eastbound - Main St to Parsons Blvd","Queens","{ywwFf}raM}Koq@","2356.96","0","0","9/21/2026 11:21:24","0","0"
"157177","Roosevelt Ave - Westbound - Main St to College Pnt Blvd","Queens","kzwwFt}raMpFlUFrA","1202.78","0","0","9/21/2026 11:21:24","0","0"
"158185","Northern Blvd - Westbound - Main St to Northern Blvd Br","Queens","opxwFhisaMz@pFKbNTrF","1360.33","0","0","9/21/2026 11:21:24","0","0"
"159157","Main St - Northbound - Sanford Ave to Roosevelt Ave","Queens","khwwFftraMwJnDgEzA","1114.01","0","0","9/21/2026 11:21:24","0","0"
"159179","Main St - Southbound - Sanford Ave to Peck Ave","Queens","ahwwFburaM|McE`Bc@zFqC~BmB`BcAnAm@hAIhA@bDT","2811.63","0","0","9/21/2026 11:21:24","0","0"
"160157","Kissena Blvd @ Sanford Ave to Main St @ Roosevelt Ave - Northbound","Queens","kkwwFviraMaHbO_ExA","1259.4","0","0","9/21/2026 11:21:24","0","0"
"160159","Sanford Avenue - Westbound - Kissena Blvd to Main St","Queens","ckwwFfjraMzAxI","506.67","0","0","9/21/2026 11:21:24","0","0"
"160183","Kissena Blvd - Southbound - Sanford Ave to Holly Ave","Queens","akwwFtjraMlB}DhFgHzH_KfIaK|HuI","3254.72","0","0","9/21/2026 11:21:24","0","0"
"161183","Kissena Blvd - Northbound - Horace Harding Expwy NSR to Holly Ave","Queens","c{swFx~oaMi@@WFqCAqBUsGyA}LsCwAO{AKiAHs]x`@","4752.54","0","0","9/21/2026 11:21:24","0","0"
"165158","Northern Blvd - Westbound - Union St to Main St","Queens","gvxwFzpraMxDpW","1137.68","0","0","9/21/2026 11:21:24","0","0"
"166167","Jackie Robinson Pkwy - Southbound - Metropolitan Ave to Forest Pk Dr","Queens","c~mwFveuaM~@zBr@tCp@zGTrIFhMRdCVlBf@tBlAbCjAvAlHpFzBtC|BnFdBxMlDpLR`CFlC}@xJObGH|El@jFdAlEpBhDjDzBfEx@`FvAtBdCbAxC","9838.75","0","0","9/21/2026 11:21:24","0","0"
"167168","Jackie Robinson Pkwy - Southbound - Forest Pk Dr to Jamaica Av","Queens","}ykwFlvzaMn@jBXhBjAjMdArCxH~IlCxAh@x@b@dBz@bBz@`@vCf@T|@JdAtAbUdDnTrCrTbAtC|UfR|MnM`H~ExBz@lFPnFp@xDtA","11281.34","0","0","9/21/2026 11:21:24","0","0"
"168167","Jackie Robinson Pkwy - Northbound - Jamaica Ave to Forest Pk Dr","Queens","mbhwF```bMaHqBuGUsCi@gCsA}EiDqHwH{XyTiAwAo@qByBqQ_EcWmAsUa@yBkAq@kCo@[s@uAsDgAu@}A{@kE{EwByBw@wCkA{Ko@aE","11106.63","0","0","9/21/2026 11:21:24","0","0"
"169166","Jackie Robinson Pkwy - Southbound - Queens Blvd to Metropolitan Ave","Queens","kcowF`wraMrAvGh@|CtFbNbGxMfFnIl@rB`B|GlA~DhBvD","4126.65","0","0","9/21/2026 11:21:24","0","0"
"171031","Henry Hudson Pkwy - Southbound - 79th St to 57th St","Manhattan","a}|wFz_qbMdWdPrCrCvMpJvZdS|MvI","5785.32","0","0","9/21/2026 11:21:24","0","0"
"171172","Henry Hudson Pkwy - Northbound - 79th St to 99th St","Manhattan","i||wFh~pbMkGwCsHsB_Cu@uCmAwCuAeGoD_FoDwEqEgKuMgD{B_IkB","5376.95","0","0","9/21/2026 11:21:24","0","0"
"172171","Henry Hudson Pkwy - Southbound - 99th St to 79th St","Manhattan","}m_xFliobMvEvAzEhCjEfEdEhFjElE|EvDlJtFnEjBlEvAlHpBtFdC","5361","0","0","9/21/2026 11:21:24","0","0"
"172173","Henry Hudson Pkwy - Northbound - 99th St to 125th St","Manhattan","kk_xFbhobMuG}AcGgC{FgDkFkD{^}V{I{EwIoFoIeGwIgEqIqGaIeI","8453.9","0","0","9/21/2026 11:21:24","0","0"
"173172","Henry Hudson Pkwy - Southbound - 125th St to 99th St","Manhattan","ykcxFvolbMnOxOhNdIjH|EtW`OnJvGvN`KlOpJ|FjCrG~A","8397.24","0","0","9/21/2026 11:21:24","0","0"
"173174","Henry Hudson Pkwy - Northbound - 125th St to GWB","Manhattan","}jcxFrnlbMwNeMcSiNea@w]wSqFwTkEeDiByKwJ_JuE}MiC}M_@}UaH","12554.86","0","0","9/21/2026 11:21:24","0","0"
"174173","Henry Hudson Pkwy - Southbound - GWB to 125th St","Manhattan","ooixF|jibMpFhAvTWdJNxI|AzJtDfPpNd[nGnKjCrIrF|]vZ``@`Y","12554.79","0","0","9/21/2026 11:21:24","0","0"
"176177","College Pnt Blvd - Northbound - Sanford Ave to Roosevelt Ave","Queens","}{vwFhosaMcTbF","1272.67","0","0","9/21/2026 11:21:24","0","0"
"177157","Roosevelt Ave - Eastbound - College Pnt Blvd to Main St","Queens","_qwwFjvsaMi@oAsFkU","1219.27","0","0","9/21/2026 11:21:24","0","0"
"177176","College Pnt Blvd - Southbound - Roosevelt Ave to Sanford Ave","Queens","upwwFrwsaM|S_F","1260.7","0","0","9/21/2026 11:21:24","0","0"
"177178","College Pnt Blvd - Northbound - Roosevelt Ave to 35th Ave","Queens","urwwFzvsaMwShEeGv@sBxA","1972.47","0","0","9/21/2026 11:21:24","0","0"
"178177","College Pnt Blvd - Southbound - 35th Ave to Roosevelt Ave","Queens","asxwFhbtaMdB_AnJoA|PsD","1962.43","0","0","9/21/2026 11:21:24","0","0"
"179159","Main St  - Northbound - Peck Ave to Sanford Ave","Queens","mzuwF`braMaHSi@FsD~BiCpBkEnBcRxF","2848.55","0","0","9/21/2026 11:21:24","0","0"
"180155","Seagirt Blvd - Eastbound - Beach 32nd St to Beach 9th St","Queens","u}wvFjwfaMrB{OeA_Wr@yHhAaE\{B`@}JNaIDwSGgHYsHO}AcF}U","6745.41","0","0","9/21/2026 11:21:24","0","0"
"181154","Beach Channel Dr - Eastbound - Beach 69 st to Bay 32 st","Queens","igwvFdulaMkAsh@{IeZMeEoCe~@a@iVmAySG_H}BsAoESu@Ys@cAo@oB","9722.75","0","0","9/21/2026 11:21:24","0","0"
"181156","Beach Channel Dr - Westbound- Beach 69 st to Beach 90 st","Queens","wgwvFfulaMLxF^bAbHnFRz@j@tJn@dKeBxLL~EfAhGJzGGtLpJdVv@dC","6032.8","0","0","9/21/2026 11:21:24","0","0"
"182154","Beach Channel Dr - Westbound - Mott Ave to Bay 32 St","Queens","ovyvFfjdaM\RzEpAh@z@bFtLdCdFlAvBv@|CzBzCvK|Y","3908.23","0","0","9/21/2026 11:21:24","0","0"
"183160","Kissena Blvd  - Northbound - Holly Ave to Sanford Ave","Queens","obvwFdxpaMiI~I_IxJyH~JkDtE_ArAcBtD","3244.32","0","0","9/21/2026 11:21:24","0","0"
"184176","College Point Blvd - Northbound - Booth Memorial Ave to Sanford Ave","Queens","{quwFvosaMU]cT}Cs@CiQjD","2499.96","0","0","9/21/2026 11:21:24","0","0"
"185158","Northern Blvd - Eastbound - Northern Blvd Br to Main St","Queens","kmxwFlgtaMSoFJoNa@iG","1391.89","0","0","9/21/2026 11:21:24","0","0"
"189022","5th Avenue - Southbound - 86 St to 72 St","Manhattan","oc|wFrklbMrw@lh@","3778.77","0","0","9/21/2026 11:21:24","0","0"
"076083","14th Street – westbound – 1st Avenue to Union Sqr. East / Broadway","Manhattan","ejrwFzupbMwTjr@","2604.02","0","0","9/21/2026 11:21:24","0","0"
"083107","14th Street – westbound – Union Sqr. East / Broadway to 7th Avenue","Manhattan","_`swFfirbMmVrv@","2817.72","0","0","9/21/2026 11:21:24","0","0"
"107083","14th Street – eastbound – 7th Avenue to Union Sqr. East / Broadway","Manhattan","{vswFratbMxVuw@","2869.41","0","0","9/21/2026 11:21:24","0","0"
"083076","14th Street – eastbound – Union Sqr. East / Broadway to 1st Avenue","Manhattan","a_swF|hrbMpTar@","2589.23","0","0","9/21/2026 11:21:24","0","0"
"075107","14th Street – eastbound – 11 Ave/Rt 9A to 7th Ave","Manhattan","imtwFzvubMpUut@","2716.64","0","0","9/21/2026 11:21:24","0","0"
"107075","14th Street – westbound – 7th Ave to 11 Ave/Rt 9A","Manhattan","iwswF~`tbMoUjt@","2705.75","0","0","9/21/2026 11:21:24","0","0"
"199200","Battery Park Underpass - West St (Southbound) to FDR Dr (Northbound)","Manhattan","admwF|kwbMfBBlIcBfGcFp@uFUqD]}C","2214.93","0","0","9/21/2026 11:21:24","0","0"
"200199","Battery Park Underpass - FDR Dr (Southbound) to West St (Northbound)","Manhattan","ynlwFbqvbMb@tGSjC_@|AkBpB_CvAoD~@yC^oB?","2066.47","0","0","9/21/2026 11:21:24","0","0"
"204047","23rd Street - westbound - madison ave to 6 ave","Manhattan","yetwFzwqbMmKz\","1507.02","0","0","9/21/2026 11:21:24","0","0"
"047204","23rd Street - eastbound - 6 ave to madison ave","Manhattan","{qtwF~urbMlKy\","1505.12","0","0","9/21/2026 11:21:24","0","0"
"204008","Madison Avenue - northbound - 23 st to 34 st","Manhattan","wetwFtwqbMqi@_^","2839.04","0","0","9/21/2026 11:21:24","0","0"
